,GEOID,date.100pop
1,1001,5/6/2020
2,1003,5/10/2020
3,1005,4/21/2020
4,1007,4/16/2020
5,1009,5/28/2020
6,1011,4/20/2020
7,1013,4/24/2020
8,1015,5/5/2020
9,1017,3/30/2020
10,1019,5/17/2020
11,1021,4/19/2020
12,1023,4/14/2020
13,1025,4/25/2020
14,1027,4/12/2020
15,1029,6/6/2020
16,1031,4/18/2020
17,1033,5/7/2020
18,1035,5/9/2020
19,1037,4/12/2020
20,1039,4/28/2020
21,1041,4/27/2020
22,1043,5/26/2020
23,1045,5/12/2020
24,1047,5/1/2020
25,1049,4/30/2020
26,1051,4/28/2020
27,1053,5/11/2020
28,1055,4/21/2020
29,1057,5/30/2020
30,1059,4/24/2020
31,1061,5/19/2020
32,1063,4/8/2020
33,1065,4/12/2020
34,1067,4/18/2020
35,1069,5/9/2020
36,1071,5/5/2020
37,1073,4/18/2020
38,1075,5/8/2020
39,1077,5/11/2020
40,1079,5/18/2020
41,1081,4/8/2020
42,1083,5/30/2020
43,1085,4/8/2020
44,1087,4/16/2020
45,1089,6/5/2020
46,1091,4/13/2020
47,1093,4/9/2020
48,1095,4/12/2020
49,1097,4/11/2020
50,1099,5/23/2020
51,1101,4/20/2020
52,1103,5/18/2020
53,80001,NA
54,1105,4/18/2020
55,1107,4/10/2020
56,1109,4/19/2020
57,1111,4/10/2020
58,1113,5/1/2020
59,1117,4/12/2020
60,1115,5/11/2020
61,1119,4/7/2020
62,1121,5/16/2020
63,1123,4/8/2020
64,1125,4/29/2020
65,90001,NA
66,1127,4/7/2020
67,1129,4/21/2020
68,1131,4/4/2020
69,1133,5/14/2020
70,2013,8/4/2020
71,2016,7/8/2020
72,2020,6/7/2020
73,2050,7/21/2020
74,2060,NA
75,2164,5/30/2020
76,2068,7/18/2020
77,2070,6/23/2020
78,2090,6/14/2020
79,2100,6/22/2020
80,2105,NA
81,2110,5/28/2020
82,2122,6/2/2020
83,2130,4/2/2020
84,2150,7/14/2020
85,2158,9/10/2020
86,2170,7/3/2020
87,2180,7/3/2020
88,2185,7/27/2020
89,2188,7/16/2020
90,80002,NA
91,2195,4/28/2020
92,2198,8/2/2020
93,2220,6/13/2020
94,2230,10/20/2020
95,2240,6/17/2020
96,90002,NA
97,2261,6/4/2020
98,2275,6/13/2020
99,2282,6/12/2020
100,2290,7/11/2020
101,60,NA
102,4001,4/12/2020
103,4003,6/7/2020
104,4005,4/4/2020
105,4007,6/13/2020
106,4009,6/3/2020
107,4011,6/7/2020
108,4012,5/8/2020
109,4013,5/3/2020
110,4015,5/13/2020
111,4017,4/2/2020
112,80004,NA
113,4019,4/24/2020
114,4021,5/4/2020
115,4023,5/12/2020
116,90004,NA
117,4025,5/14/2020
118,4027,5/13/2020
119,5001,6/19/2020
120,5003,6/2/2020
121,5005,7/19/2020
122,5007,5/24/2020
123,5009,7/9/2020
124,5011,4/29/2020
125,5013,7/20/2020
126,5015,6/2/2020
127,5017,5/18/2020
128,5019,3/31/2020
129,5021,6/13/2020
130,5023,3/23/2020
131,5025,4/9/2020
132,5027,5/30/2020
133,5029,6/14/2020
134,5031,5/13/2020
135,5033,6/16/2020
136,5035,4/5/2020
137,5037,4/30/2020
138,5039,6/28/2020
139,5041,4/23/2020
140,5043,5/6/2020
141,5045,6/11/2020
142,5047,6/29/2020
143,5049,7/1/2020
144,5051,4/13/2020
145,5053,6/7/2020
146,5055,5/25/2020
147,5057,6/5/2020
148,5059,6/4/2020
149,5061,4/19/2020
150,5063,6/12/2020
151,5065,5/19/2020
152,5067,6/17/2020
153,5069,4/7/2020
154,5071,4/26/2020
155,5073,4/27/2020
156,5075,4/17/2020
157,5077,5/12/2020
158,5079,4/13/2020
159,5081,6/5/2020
160,5083,6/20/2020
161,5085,6/16/2020
162,5087,5/30/2020
163,5089,7/22/2020
164,5091,5/31/2020
165,5093,5/5/2020
166,5095,6/13/2020
167,5097,7/16/2020
168,5099,6/4/2020
169,5101,7/4/2020
170,5103,7/7/2020
171,80005,NA
172,5105,5/15/2020
173,5107,5/29/2020
174,5109,7/7/2020
175,5111,5/5/2020
176,5113,6/1/2020
177,5115,5/17/2020
178,5117,6/16/2020
179,5119,4/22/2020
180,5121,5/1/2020
181,5125,6/5/2020
182,5127,6/29/2020
183,5129,7/3/2020
184,5131,6/12/2020
185,5133,5/10/2020
186,5135,5/12/2020
187,5123,4/7/2020
188,5137,6/22/2020
189,90005,NA
190,5139,4/28/2020
191,5141,3/28/2020
192,5143,5/24/2020
193,5145,6/24/2020
194,5147,7/2/2020
195,5149,5/17/2020
196,6001,5/2/2020
197,6003,4/11/2020
198,6005,7/11/2020
199,6007,7/7/2020
200,6009,7/2/2020
201,6011,6/29/2020
202,6013,5/18/2020
203,6015,5/25/2020
204,6017,7/1/2020
205,6019,5/14/2020
206,6021,6/15/2020
207,6023,7/2/2020
208,6025,4/22/2020
209,6027,4/22/2020
210,6029,5/1/2020
211,6031,5/3/2020
212,6033,7/1/2020
213,6035,6/25/2020
214,6037,4/14/2020
215,6039,6/7/2020
216,6041,5/10/2020
217,6043,6/17/2020
218,6045,7/7/2020
219,6047,5/28/2020
220,6049,8/29/2020
221,6051,4/2/2020
222,6053,5/28/2020
223,6055,6/6/2020
224,6057,6/25/2020
225,6059,5/8/2020
226,80006,NA
227,6061,6/16/2020
228,6063,7/13/2020
229,6065,4/19/2020
230,6067,6/7/2020
231,6069,5/19/2020
232,6071,5/2/2020
233,6073,4/29/2020
234,6075,4/13/2020
235,6077,5/26/2020
236,6079,6/4/2020
237,6081,4/16/2020
238,6083,4/23/2020
239,6085,4/22/2020
240,6087,6/19/2020
241,6089,7/11/2020
242,6091,8/10/2020
243,6093,7/16/2020
244,6095,5/22/2020
245,6097,5/25/2020
246,6099,5/16/2020
247,6101,6/18/2020
248,6103,6/29/2020
249,6105,8/30/2020
250,6107,4/24/2020
251,6109,7/7/2020
252,90006,NA
253,6111,5/20/2020
254,6113,6/6/2020
255,6115,7/1/2020
256,8001,4/10/2020
257,8003,5/6/2020
258,8005,4/7/2020
259,8007,7/16/2020
260,8009,4/2/2020
261,8011,8/4/2020
262,8013,4/17/2020
263,8014,4/11/2020
264,8015,4/4/2020
265,8017,5/8/2020
266,8019,4/9/2020
267,8021,6/19/2020
268,8023,5/13/2020
269,8025,5/8/2020
270,8027,7/13/2020
271,8029,4/27/2020
272,8031,4/4/2020
273,8033,9/12/2020
274,8035,4/17/2020
275,8037,3/20/2020
276,8041,4/18/2020
277,8039,4/24/2020
278,8043,7/16/2020
279,8045,4/15/2020
280,8047,6/25/2020
281,8049,6/14/2020
282,8051,3/21/2020
283,8053,3/21/2020
284,8055,8/5/2020
285,8057,6/30/2020
286,8059,4/8/2020
287,8061,10/15/2020
288,8063,4/12/2020
289,8067,4/25/2020
290,8065,4/22/2020
291,8069,4/30/2020
292,8071,7/30/2020
293,8073,7/17/2020
294,8075,4/21/2020
295,8077,7/15/2020
296,8079,3/29/2020
297,8081,6/30/2020
298,8083,5/16/2020
299,8085,4/11/2020
300,8087,4/9/2020
301,8089,5/31/2020
302,8091,4/17/2020
303,80008,NA
304,8093,5/19/2020
305,8095,4/17/2020
306,8097,3/23/2020
307,8099,5/27/2020
308,8101,5/8/2020
309,8103,8/1/2020
310,8105,5/21/2020
311,8107,4/3/2020
312,8109,5/12/2020
313,8111,4/26/2020
314,8113,4/3/2020
315,8115,7/15/2020
316,8117,4/1/2020
317,8119,4/24/2020
318,90008,NA
319,8121,4/14/2020
320,8123,4/2/2020
321,8125,5/10/2020
322,9001,3/29/2020
323,9003,4/7/2020
324,9005,4/4/2020
325,9007,4/9/2020
326,9009,4/3/2020
327,9011,4/17/2020
328,80009,NA
329,9013,4/10/2020
330,90009,NA
331,9015,4/22/2020
332,10001,4/8/2020
333,10003,4/7/2020
334,80010,NA
335,10005,4/8/2020
336,90010,NA
337,88888,NA
338,11001,4/3/2020
339,80011,NA
340,90011,NA
341,12001,5/1/2020
342,12003,6/12/2020
343,12005,6/19/2020
344,12007,4/12/2020
345,12009,6/16/2020
346,12011,4/6/2020
347,12013,5/3/2020
348,12015,4/24/2020
349,12017,6/15/2020
350,12019,4/18/2020
351,12021,4/15/2020
352,12023,5/3/2020
353,12027,5/4/2020
354,12029,5/14/2020
355,12031,4/25/2020
356,12033,4/21/2020
357,12035,4/25/2020
358,12037,7/5/2020
359,12039,4/17/2020
360,12041,6/5/2020
361,12043,5/20/2020
362,12045,6/24/2020
363,12047,5/10/2020
364,12049,5/2/2020
365,12051,4/20/2020
366,12053,6/22/2020
367,12055,5/19/2020
368,12057,5/12/2020
369,12059,6/2/2020
370,12061,6/6/2020
371,12063,5/8/2020
372,12065,4/15/2020
373,12067,6/4/2020
374,12069,6/12/2020
375,12071,4/20/2020
376,12073,5/19/2020
377,12075,6/5/2020
378,12077,5/3/2020
379,12079,4/17/2020
380,12081,4/19/2020
381,12083,6/20/2020
382,12085,4/22/2020
383,12086,4/2/2020
384,12087,4/24/2020
385,12089,6/13/2020
386,12091,5/30/2020
387,12093,5/18/2020
388,12095,5/1/2020
389,12097,4/16/2020
390,80012,NA
391,12099,4/12/2020
392,12101,6/16/2020
393,12103,5/15/2020
394,12105,5/17/2020
395,12107,4/23/2020
396,12113,5/18/2020
397,12115,5/12/2020
398,12117,5/28/2020
399,12109,6/3/2020
400,12111,5/18/2020
401,12119,4/18/2020
402,12121,4/8/2020
403,12123,5/31/2020
404,90012,NA
405,12125,5/16/2020
406,12127,5/12/2020
407,12129,5/30/2020
408,12131,5/15/2020
409,12133,5/23/2020
410,13001,4/19/2020
411,13003,5/1/2020
412,13005,4/8/2020
413,13007,3/31/2020
414,13009,4/12/2020
415,13011,4/29/2020
416,13013,4/17/2020
417,13015,3/28/2020
418,13017,4/21/2020
419,13019,5/14/2020
420,13021,4/17/2020
421,13023,4/30/2020
422,13025,4/20/2020
423,13027,4/8/2020
424,13029,4/23/2020
425,13031,6/5/2020
426,13033,4/11/2020
427,13035,4/10/2020
428,13037,3/31/2020
429,13039,5/24/2020
430,13043,5/20/2020
431,13045,3/31/2020
432,13047,5/14/2020
433,13049,5/7/2020
434,13051,5/8/2020
435,13053,4/28/2020
436,13055,6/2/2020
437,13057,4/17/2020
438,13059,4/27/2020
439,13061,3/31/2020
440,13063,4/8/2020
441,13065,4/15/2020
442,13067,4/13/2020
443,13069,4/8/2020
444,13071,4/4/2020
445,13073,4/30/2020
446,13075,4/28/2020
447,13077,4/17/2020
448,13079,4/17/2020
449,13081,4/3/2020
450,13083,4/27/2020
451,13085,4/13/2020
452,13089,4/10/2020
453,13087,4/8/2020
454,13091,4/22/2020
455,13093,4/4/2020
456,13095,3/24/2020
457,13097,4/11/2020
458,13099,3/28/2020
459,13101,4/22/2020
460,13103,5/26/2020
461,13105,4/29/2020
462,13107,5/7/2020
463,13109,6/17/2020
464,13111,4/28/2020
465,13113,4/14/2020
466,13115,4/9/2020
467,13117,4/25/2020
468,13119,5/5/2020
469,13121,4/7/2020
470,13123,4/25/2020
471,13125,6/20/2020
472,13127,5/25/2020
473,13129,4/19/2020
474,13131,4/16/2020
475,13133,4/7/2020
476,13135,4/17/2020
477,13137,4/16/2020
478,13139,4/8/2020
479,13141,4/20/2020
480,13143,5/5/2020
481,13145,4/18/2020
482,13147,5/28/2020
483,13149,5/3/2020
484,13151,4/10/2020
485,13153,4/17/2020
486,13155,4/9/2020
487,13157,4/24/2020
488,13159,4/19/2020
489,13161,4/30/2020
490,13163,5/5/2020
491,13165,4/11/2020
492,13167,4/8/2020
493,13169,5/1/2020
494,13171,4/14/2020
495,13173,5/10/2020
496,13175,4/24/2020
497,13177,3/26/2020
498,13179,5/22/2020
499,13181,4/11/2020
500,13183,6/13/2020
501,13185,4/22/2020
502,13187,4/28/2020
503,13193,4/9/2020
504,13195,5/19/2020
505,13197,4/10/2020
506,13189,4/12/2020
507,13191,5/28/2020
508,13199,4/11/2020
509,13201,4/4/2020
510,13205,3/31/2020
511,13207,5/5/2020
512,13209,5/25/2020
513,13211,4/18/2020
514,13213,5/7/2020
515,13215,4/17/2020
516,13217,4/16/2020
517,13219,4/14/2020
518,13221,4/14/2020
519,80013,NA
520,13223,4/28/2020
521,13225,4/16/2020
522,13227,5/9/2020
523,13229,4/6/2020
524,13231,4/14/2020
525,13233,4/25/2020
526,13235,4/17/2020
527,13237,4/20/2020
528,13239,4/7/2020
529,13241,5/28/2020
530,13243,4/3/2020
531,13245,4/17/2020
532,13247,4/11/2020
533,13249,4/4/2020
534,13251,4/22/2020
535,13253,4/6/2020
536,13255,4/12/2020
537,13257,4/17/2020
538,13259,4/13/2020
539,13261,3/31/2020
540,13263,4/8/2020
541,13265,6/12/2020
542,13267,5/31/2020
543,13269,4/14/2020
544,13271,4/22/2020
545,13273,3/29/2020
546,13275,4/9/2020
547,13277,4/6/2020
548,13279,4/25/2020
549,13281,4/19/2020
550,13283,5/13/2020
551,13285,4/16/2020
552,13287,4/3/2020
553,13289,5/14/2020
554,90013,NA
555,13291,4/23/2020
556,13293,4/7/2020
557,13295,5/13/2020
558,13297,4/25/2020
559,13299,4/7/2020
560,13301,4/7/2020
561,13303,4/10/2020
562,13305,6/9/2020
563,13307,4/6/2020
564,13309,5/14/2020
565,13311,4/21/2020
566,13313,5/1/2020
567,13315,4/12/2020
568,13317,4/16/2020
569,13319,4/11/2020
570,13321,3/31/2020
571,99999,NA
572,66,NA
573,15001,8/24/2020
574,15003,7/15/2020
575,15005,10/30/2020
576,15007,11/9/2020
577,15009,7/31/2020
578,80015,NA
579,90015,NA
580,16001,4/10/2020
581,16003,6/16/2020
582,16005,6/25/2020
583,16007,8/3/2020
584,16009,6/2/2020
585,16011,7/3/2020
586,16013,3/23/2020
587,16015,7/10/2020
588,16017,7/9/2020
589,16019,7/3/2020
590,16021,7/20/2020
591,16023,8/18/2020
592,16025,8/19/2020
593,16027,4/25/2020
594,16029,6/18/2020
595,16031,5/24/2020
596,16033,7/19/2020
597,16035,7/23/2020
598,16037,7/10/2020
599,16039,4/23/2020
600,16041,6/14/2020
601,16043,7/15/2020
602,16045,6/22/2020
603,16047,5/7/2020
604,16049,7/20/2020
605,16051,7/12/2020
606,16053,4/11/2020
607,16055,6/25/2020
608,16057,7/20/2020
609,16059,7/29/2020
610,16061,9/2/2020
611,16063,4/4/2020
612,16065,7/6/2020
613,16067,5/22/2020
614,16069,4/22/2020
615,16071,7/9/2020
616,80016,NA
617,16073,6/17/2020
618,16075,6/4/2020
619,16077,6/9/2020
620,16079,7/15/2020
621,16081,6/19/2020
622,16083,4/16/2020
623,90016,NA
624,16085,6/30/2020
625,16087,5/14/2020
626,17001,6/24/2020
627,17003,5/6/2020
628,17005,7/7/2020
629,17007,4/23/2020
630,17009,5/9/2020
631,17011,7/10/2020
632,17013,7/24/2020
633,17015,5/30/2020
634,17017,4/24/2020
635,17019,5/5/2020
636,17021,5/23/2020
637,17023,7/8/2020
638,17025,8/2/2020
639,17027,4/13/2020
640,17029,5/12/2020
641,17031,4/1/2020
642,17033,7/10/2020
643,17035,6/27/2020
644,17039,7/8/2020
645,17037,5/1/2020
646,17041,5/3/2020
647,17043,4/9/2020
648,17045,7/11/2020
649,17047,7/28/2020
650,17049,7/15/2020
651,17051,6/10/2020
652,17053,5/9/2020
653,17055,7/9/2020
654,17057,8/11/2020
655,17059,7/10/2020
656,17061,7/17/2020
657,17063,5/8/2020
658,17065,7/19/2020
659,17067,6/8/2020
660,17069,7/17/2020
661,17071,5/12/2020
662,17073,5/1/2020
663,17075,5/1/2020
664,17077,4/26/2020
665,17079,4/19/2020
666,17081,4/22/2020
667,17083,5/31/2020
668,17085,5/20/2020
669,17087,6/9/2020
670,17089,4/17/2020
671,17091,4/8/2020
672,17093,4/18/2020
673,17095,5/2/2020
674,17099,5/13/2020
675,17097,4/5/2020
676,17101,7/16/2020
677,17103,5/5/2020
678,17105,6/3/2020
679,17107,7/16/2020
680,17115,4/29/2020
681,17117,5/29/2020
682,17119,4/24/2020
683,17121,5/6/2020
684,17123,7/7/2020
685,17125,5/4/2020
686,17127,7/2/2020
687,17109,5/3/2020
688,17111,4/18/2020
689,17113,5/18/2020
690,17129,5/3/2020
691,17131,5/27/2020
692,17133,4/9/2020
693,17135,5/4/2020
694,17137,5/14/2020
695,17139,6/14/2020
696,17141,4/20/2020
697,80017,NA
698,17143,5/26/2020
699,17145,4/30/2020
700,17147,6/18/2020
701,17149,8/5/2020
702,17151,7/25/2020
703,17153,4/16/2020
704,17155,7/24/2020
705,17157,4/9/2020
706,17159,8/7/2020
707,17161,4/16/2020
708,17165,7/16/2020
709,17167,5/1/2020
710,17169,5/9/2020
711,17171,7/23/2020
712,17173,7/15/2020
713,17163,4/18/2020
714,17175,7/7/2020
715,17177,5/1/2020
716,17179,7/1/2020
717,90017,NA
718,17181,4/30/2020
719,17183,7/3/2020
720,17185,6/6/2020
721,17187,4/22/2020
722,17189,5/5/2020
723,17191,7/11/2020
724,17193,7/15/2020
725,17195,4/25/2020
726,17197,4/6/2020
727,17199,5/31/2020
728,17201,4/25/2020
729,17203,7/8/2020
730,18001,6/20/2020
731,18003,4/23/2020
732,18005,4/11/2020
733,18007,5/2/2020
734,18009,5/6/2020
735,18011,4/7/2020
736,18013,5/1/2020
737,18015,4/29/2020
738,18017,4/17/2020
739,18019,4/14/2020
740,18021,5/15/2020
741,18023,4/28/2020
742,18025,4/8/2020
743,18027,4/19/2020
744,18033,4/13/2020
745,18029,4/9/2020
746,18031,3/28/2020
747,18035,4/21/2020
748,18037,5/10/2020
749,18039,4/24/2020
750,18041,4/25/2020
751,18043,4/9/2020
752,18045,5/16/2020
753,18047,3/28/2020
754,18049,4/27/2020
755,18051,6/29/2020
756,18053,4/19/2020
757,18055,4/16/2020
758,18057,4/7/2020
759,18059,4/7/2020
760,18061,4/7/2020
761,18063,4/5/2020
762,18065,5/4/2020
763,18067,4/25/2020
764,18069,6/4/2020
765,18071,4/8/2020
766,18073,4/24/2020
767,18075,5/9/2020
768,18077,5/8/2020
769,18079,4/3/2020
770,18081,4/5/2020
771,18083,6/16/2020
772,18085,5/25/2020
773,18087,5/12/2020
774,18091,4/16/2020
775,18089,4/9/2020
776,18093,4/8/2020
777,18095,4/7/2020
778,18097,4/1/2020
779,18099,5/20/2020
780,18101,5/29/2020
781,18103,4/24/2020
782,18105,5/17/2020
783,18107,4/29/2020
784,18109,4/6/2020
785,18111,4/12/2020
786,18113,4/24/2020
787,18115,5/4/2020
788,18117,4/16/2020
789,80018,NA
790,18119,4/16/2020
791,18121,5/10/2020
792,18123,5/11/2020
793,18125,7/14/2020
794,18127,4/19/2020
795,18129,6/22/2020
796,18131,4/26/2020
797,18133,4/14/2020
798,18135,5/13/2020
799,18137,3/31/2020
800,18139,4/13/2020
801,18143,4/19/2020
802,18145,4/6/2020
803,18147,6/2/2020
804,18141,4/15/2020
805,18149,5/12/2020
806,18151,5/4/2020
807,18153,5/13/2020
808,18155,4/6/2020
809,18157,5/6/2020
810,18159,4/24/2020
811,90018,NA
812,18161,4/13/2020
813,18163,5/9/2020
814,18165,7/9/2020
815,18167,5/17/2020
816,18169,4/29/2020
817,18171,4/24/2020
818,18173,4/21/2020
819,18175,4/19/2020
820,18177,5/23/2020
821,18179,5/30/2020
822,18181,4/26/2020
823,18183,5/23/2020
824,19001,5/24/2020
825,19003,5/22/2020
826,19005,4/2/2020
827,19007,5/26/2020
828,19009,5/5/2020
829,19011,4/25/2020
830,19013,4/17/2020
831,19015,5/4/2020
832,19017,4/18/2020
833,19019,5/5/2020
834,19021,5/8/2020
835,19023,5/22/2020
836,19025,6/5/2020
837,19027,6/12/2020
838,19029,6/5/2020
839,19031,4/9/2020
840,19033,6/15/2020
841,19035,5/23/2020
842,19037,6/2/2020
843,19039,5/14/2020
844,19041,6/1/2020
845,19043,5/2/2020
846,19045,4/24/2020
847,19047,4/28/2020
848,19049,4/24/2020
849,19051,5/9/2020
850,19053,6/16/2020
851,19055,6/3/2020
852,19057,5/10/2020
853,19059,5/29/2020
854,19061,4/30/2020
855,19063,5/28/2020
856,19065,4/29/2020
857,19067,5/23/2020
858,19069,5/29/2020
859,19071,6/28/2020
860,19073,5/2/2020
861,19075,5/2/2020
862,19077,4/30/2020
863,19079,5/21/2020
864,19081,5/22/2020
865,19083,5/31/2020
866,19085,4/22/2020
867,19087,4/13/2020
868,19089,4/29/2020
869,19091,5/22/2020
870,19093,5/18/2020
871,19095,4/26/2020
872,19097,6/24/2020
873,19099,4/20/2020
874,19101,5/27/2020
875,19103,4/9/2020
876,19105,4/30/2020
877,19107,5/17/2020
878,19109,6/5/2020
879,19111,6/9/2020
880,19113,4/11/2020
881,19115,4/7/2020
882,19117,5/28/2020
883,19119,4/30/2020
884,19121,5/20/2020
885,19123,5/16/2020
886,19125,6/2/2020
887,19127,4/14/2020
888,19129,5/25/2020
889,19131,6/25/2020
890,19133,5/1/2020
891,19135,5/11/2020
892,19137,6/19/2020
893,19139,4/7/2020
894,19141,5/9/2020
895,19143,4/23/2020
896,80019,NA
897,19145,6/6/2020
898,19147,6/9/2020
899,19149,5/4/2020
900,19151,5/27/2020
901,19153,4/24/2020
902,19155,5/13/2020
903,19157,4/23/2020
904,19159,6/9/2020
905,19161,5/23/2020
906,19163,4/21/2020
907,19165,5/3/2020
908,19167,5/8/2020
909,19169,5/28/2020
910,19171,4/2/2020
911,19173,5/23/2020
912,90019,NA
913,19175,6/22/2020
914,19177,4/13/2020
915,19179,5/3/2020
916,19181,5/13/2020
917,19183,3/31/2020
918,19185,6/25/2020
919,19187,5/29/2020
920,19189,5/27/2020
921,19191,4/26/2020
922,19193,4/23/2020
923,19195,6/22/2020
924,19197,5/17/2020
925,20001,7/28/2020
926,20003,7/9/2020
927,20005,5/20/2020
928,20007,8/17/2020
929,20009,5/14/2020
930,20011,6/25/2020
931,20013,6/12/2020
932,20015,7/4/2020
933,20017,4/28/2020
934,20019,4/28/2020
935,20021,6/23/2020
936,20023,8/7/2020
937,20025,5/4/2020
938,20027,7/6/2020
939,20029,6/26/2020
940,20031,3/30/2020
941,20033,5/29/2020
942,20035,6/12/2020
943,20037,6/14/2020
944,20039,7/15/2020
945,20041,7/9/2020
946,20043,5/10/2020
947,20045,6/26/2020
948,20047,4/29/2020
949,20049,9/20/2020
950,20051,7/8/2020
951,20053,7/6/2020
952,20055,4/20/2020
953,20057,4/16/2020
954,20059,5/11/2020
955,20061,6/18/2020
956,20063,7/24/2020
957,20065,7/8/2020
958,20067,5/6/2020
959,20069,5/4/2020
960,20071,7/15/2020
961,20073,5/29/2020
962,20075,5/2/2020
963,20077,7/20/2020
964,20079,6/29/2020
965,20081,4/23/2020
966,20083,5/29/2020
967,20085,5/14/2020
968,20087,5/18/2020
969,20089,4/12/2020
970,20091,5/11/2020
971,20093,4/21/2020
972,20095,7/29/2020
973,20097,6/3/2020
974,20099,4/15/2020
975,20101,5/25/2020
976,20103,4/12/2020
977,20105,7/13/2020
978,20107,5/29/2020
979,20109,9/4/2020
980,20111,4/16/2020
981,20115,7/8/2020
982,20117,8/10/2020
983,20113,6/3/2020
984,20119,4/30/2020
985,20121,7/3/2020
986,20123,7/10/2020
987,20125,6/25/2020
988,20127,7/17/2020
989,20129,4/28/2020
990,20131,5/24/2020
991,20133,6/19/2020
992,20135,6/1/2020
993,20137,7/3/2020
994,20139,7/6/2020
995,20141,7/31/2020
996,20143,6/29/2020
997,80020,NA
998,20145,7/15/2020
999,20147,7/2/2020
1000,20149,5/29/2020
1001,20151,6/27/2020
1002,20153,9/16/2020
1003,20155,6/28/2020
1004,20157,6/23/2020
1005,20159,7/13/2020
1006,20161,6/14/2020
1007,20163,4/25/2020
1008,20165,7/13/2020
1009,20167,7/23/2020
1010,20169,6/24/2020
1011,20171,5/13/2020
1012,20173,5/14/2020
1013,20175,4/17/2020
1014,20177,5/13/2020
1015,20179,6/17/2020
1016,20181,5/16/2020
1017,20183,8/31/2020
1018,20185,8/10/2020
1019,20187,4/17/2020
1020,20189,4/23/2020
1021,20191,7/10/2020
1022,20193,6/22/2020
1023,20195,7/13/2020
1024,90020,NA
1025,20197,4/9/2020
1026,20199,8/27/2020
1027,20201,8/31/2020
1028,20203,7/29/2020
1029,20205,8/5/2020
1030,20207,4/15/2020
1031,20209,4/6/2020
1032,21001,4/14/2020
1033,21003,5/7/2020
1034,21005,6/6/2020
1035,21007,4/28/2020
1036,21009,5/29/2020
1037,21011,6/27/2020
1038,21013,7/7/2020
1039,21015,4/30/2020
1040,21017,6/10/2020
1041,21019,6/19/2020
1042,21021,6/18/2020
1043,21023,5/1/2020
1044,21025,7/10/2020
1045,21027,6/12/2020
1046,21029,5/9/2020
1047,21031,4/14/2020
1048,21033,4/24/2020
1049,21035,5/11/2020
1050,21037,5/3/2020
1051,21039,5/21/2020
1052,21041,5/29/2020
1053,21043,7/3/2020
1054,21045,6/29/2020
1055,21047,4/15/2020
1056,21049,5/22/2020
1057,21051,6/17/2020
1058,21053,7/19/2020
1059,21055,6/30/2020
1060,21057,7/12/2020
1061,21059,4/16/2020
1062,21061,4/25/2020
1063,21063,7/24/2020
1064,21065,8/4/2020
1065,21067,5/7/2020
1066,21069,6/26/2020
1067,21071,7/7/2020
1068,21073,6/2/2020
1069,21075,5/29/2020
1070,21077,5/27/2020
1071,21079,6/27/2020
1072,21081,5/5/2020
1073,21083,4/18/2020
1074,21085,4/24/2020
1075,21087,7/14/2020
1076,21089,7/6/2020
1077,21091,6/12/2020
1078,21093,6/4/2020
1079,21095,7/3/2020
1080,21097,5/9/2020
1081,21099,5/23/2020
1082,21101,4/27/2020
1083,21103,5/26/2020
1084,21105,5/5/2020
1085,21107,4/9/2020
1086,21109,4/15/2020
1087,21111,4/19/2020
1088,21113,5/26/2020
1089,21115,7/26/2020
1090,21117,4/21/2020
1091,21119,7/10/2020
1092,21121,6/27/2020
1093,21123,6/26/2020
1094,21125,6/24/2020
1095,21127,7/20/2020
1096,21129,8/21/2020
1097,21131,7/3/2020
1098,21133,7/16/2020
1099,21135,6/15/2020
1100,21137,6/27/2020
1101,21139,6/28/2020
1102,21141,5/8/2020
1103,21143,4/12/2020
1104,21151,6/20/2020
1105,21153,7/25/2020
1106,21155,5/28/2020
1107,21157,4/27/2020
1108,21159,7/10/2020
1109,21161,6/18/2020
1110,21145,5/7/2020
1111,21147,6/29/2020
1112,21149,4/24/2020
1113,21163,7/6/2020
1114,21165,5/22/2020
1115,21167,6/26/2020
1116,21169,7/2/2020
1117,21171,5/23/2020
1118,21173,6/6/2020
1119,21175,7/12/2020
1120,21177,4/14/2020
1121,21179,6/10/2020
1122,21181,7/3/2020
1123,21183,4/22/2020
1124,21185,5/27/2020
1125,80021,NA
1126,21187,7/14/2020
1127,21189,7/23/2020
1128,21191,6/23/2020
1129,21193,6/19/2020
1130,21195,6/19/2020
1131,21197,7/14/2020
1132,21199,6/6/2020
1133,21201,7/29/2020
1134,21203,6/21/2020
1135,21205,7/11/2020
1136,21207,5/8/2020
1137,21209,6/19/2020
1138,21211,5/11/2020
1139,21213,4/16/2020
1140,21215,5/30/2020
1141,21217,6/20/2020
1142,21219,5/5/2020
1143,21221,6/12/2020
1144,21223,7/9/2020
1145,90021,NA
1146,21225,6/2/2020
1147,21227,4/24/2020
1148,21229,6/13/2020
1149,21231,7/14/2020
1150,21233,4/18/2020
1151,21235,7/6/2020
1152,21237,7/25/2020
1153,21239,5/29/2020
1154,22001,4/3/2020
1155,22003,4/2/2020
1156,22005,3/29/2020
1157,22007,4/1/2020
1158,22009,4/7/2020
1159,22011,4/30/2020
1160,22013,4/6/2020
1161,22015,4/5/2020
1162,22017,3/31/2020
1163,22019,4/9/2020
1164,22021,4/5/2020
1165,22023,6/4/2020
1166,22025,4/6/2020
1167,22027,4/3/2020
1168,22029,4/15/2020
1169,22031,3/30/2020
1170,22033,4/4/2020
1171,22035,4/28/2020
1172,22037,4/4/2020
1173,22039,4/10/2020
1174,22041,4/5/2020
1175,22043,5/21/2020
1176,22045,4/3/2020
1177,22047,3/31/2020
1178,22049,4/22/2020
1179,22051,3/26/2020
1180,22053,4/10/2020
1181,22059,4/22/2020
1182,22055,4/2/2020
1183,22057,4/1/2020
1184,22061,4/17/2020
1185,22063,4/17/2020
1186,22065,5/9/2020
1187,22067,4/10/2020
1188,22069,4/12/2020
1189,22071,3/21/2020
1190,22073,4/4/2020
1191,80022,NA
1192,22075,3/31/2020
1193,22077,4/6/2020
1194,22079,4/8/2020
1195,22081,4/11/2020
1196,22083,4/15/2020
1197,22085,5/13/2020
1198,22087,3/30/2020
1199,22089,3/31/2020
1200,22091,4/9/2020
1201,22093,3/26/2020
1202,22095,3/28/2020
1203,22097,4/8/2020
1204,22099,4/2/2020
1205,22101,4/4/2020
1206,22103,4/1/2020
1207,22105,4/5/2020
1208,22107,5/9/2020
1209,22109,4/4/2020
1210,90022,NA
1211,22111,4/6/2020
1212,22113,6/6/2020
1213,22115,6/13/2020
1214,22117,4/2/2020
1215,22119,4/4/2020
1216,22121,4/4/2020
1217,22123,5/15/2020
1218,22125,4/4/2020
1219,22127,4/16/2020
1220,23001,5/14/2020
1221,23003,11/3/2020
1222,23005,4/13/2020
1223,23007,5/7/2020
1224,23009,10/4/2020
1225,23011,5/21/2020
1226,23013,9/28/2020
1227,23015,8/8/2020
1228,80023,NA
1229,23017,8/16/2020
1230,23019,8/12/2020
1231,23021,11/7/2020
1232,23023,7/21/2020
1233,23025,8/30/2020
1234,90023,NA
1235,23027,4/17/2020
1236,23029,10/25/2020
1237,23031,5/1/2020
1238,24001,4/23/2020
1239,24003,4/11/2020
1240,24005,4/8/2020
1241,24510,4/9/2020
1242,24009,4/13/2020
1243,24011,4/20/2020
1244,24013,4/8/2020
1245,24015,4/17/2020
1246,24017,4/8/2020
1247,24019,4/24/2020
1248,24021,4/10/2020
1249,24023,7/17/2020
1250,24025,4/22/2020
1251,24027,4/11/2020
1252,24029,4/20/2020
1253,24031,4/8/2020
1254,80024,NA
1255,24033,4/6/2020
1256,24035,4/25/2020
1257,24039,4/30/2020
1258,24037,4/18/2020
1259,24041,5/2/2020
1260,90024,NA
1261,24043,4/25/2020
1262,24045,4/18/2020
1263,24047,4/27/2020
1264,25001,3/27/2020
1265,25003,3/25/2020
1266,25005,4/1/2020
1267,25007,NA
1268,25009,3/28/2020
1269,25011,3/27/2020
1270,25013,3/28/2020
1271,25015,4/3/2020
1272,25017,3/30/2020
1273,25019,NA
1274,25021,3/28/2020
1275,80025,NA
1276,25023,3/30/2020
1277,25025,3/25/2020
1278,90025,NA
1279,25027,4/1/2020
1280,26001,5/20/2020
1281,26003,8/8/2020
1282,26005,4/30/2020
1283,26007,4/21/2020
1284,26009,7/8/2020
1285,26011,4/20/2020
1286,26013,9/5/2020
1287,26015,5/9/2020
1288,26017,4/22/2020
1289,26019,7/17/2020
1290,26021,4/9/2020
1291,26023,4/21/2020
1292,26025,4/17/2020
1293,26027,5/9/2020
1294,26029,6/30/2020
1295,26031,5/20/2020
1296,26033,8/6/2020
1297,26035,7/4/2020
1298,26037,4/8/2020
1299,26039,4/14/2020
1300,26041,7/15/2020
1301,26043,7/16/2020
1302,26045,4/21/2020
1303,26047,7/5/2020
1304,26049,4/3/2020
1305,26051,6/22/2020
1306,26053,7/13/2020
1307,26055,7/14/2020
1308,26057,5/16/2020
1309,26059,4/6/2020
1310,26061,7/21/2020
1311,26063,5/4/2020
1312,26065,4/17/2020
1313,26067,4/29/2020
1314,26069,4/24/2020
1315,26071,7/24/2020
1316,26073,4/24/2020
1317,26075,4/11/2020
1318,26077,4/24/2020
1319,26079,4/13/2020
1320,26081,4/21/2020
1321,26083,7/29/2020
1322,26085,7/5/2020
1323,26087,4/10/2020
1324,26089,7/4/2020
1325,26091,4/23/2020
1326,26093,4/8/2020
1327,26095,8/14/2020
1328,26097,7/22/2020
1329,26099,4/1/2020
1330,26101,7/5/2020
1331,26103,7/2/2020
1332,26105,5/16/2020
1333,26107,7/18/2020
1334,26109,7/6/2020
1335,26111,4/28/2020
1336,26113,4/22/2020
1337,26115,4/8/2020
1338,26117,5/20/2020
1339,26119,8/19/2020
1340,26121,4/23/2020
1341,26123,5/18/2020
1342,26125,3/29/2020
1343,26127,5/7/2020
1344,26129,5/11/2020
1345,26131,8/4/2020
1346,26133,6/18/2020
1347,26135,5/20/2020
1348,26137,4/5/2020
1349,26139,5/2/2020
1350,80026,NA
1351,26141,7/1/2020
1352,26143,6/12/2020
1353,26145,4/9/2020
1354,26151,5/29/2020
1355,26153,8/1/2020
1356,26155,4/14/2020
1357,26147,4/8/2020
1358,26149,5/9/2020
1359,26157,4/17/2020
1360,90026,NA
1361,26159,5/3/2020
1362,26161,4/1/2020
1363,26163,3/27/2020
1364,26165,7/4/2020
1365,27001,7/12/2020
1366,27003,5/6/2020
1367,27005,5/25/2020
1368,27007,7/12/2020
1369,27009,5/5/2020
1370,27011,5/31/2020
1371,27013,5/13/2020
1372,27015,6/28/2020
1373,27017,4/19/2020
1374,27019,5/16/2020
1375,27021,7/19/2020
1376,27023,5/11/2020
1377,27025,5/29/2020
1378,27027,4/21/2020
1379,27029,7/7/2020
1380,27031,8/14/2020
1381,27033,4/29/2020
1382,27035,5/30/2020
1383,27037,5/10/2020
1384,27039,4/30/2020
1385,27041,5/27/2020
1386,27043,5/29/2020
1387,27045,6/18/2020
1388,27047,4/18/2020
1389,27049,5/23/2020
1390,27051,6/10/2020
1391,27053,4/25/2020
1392,27055,6/27/2020
1393,27057,7/29/2020
1394,27059,6/8/2020
1395,27061,5/17/2020
1396,27063,4/29/2020
1397,27065,7/11/2020
1398,27067,4/28/2020
1399,27069,8/29/2020
1400,27071,6/30/2020
1401,27073,8/8/2020
1402,27075,7/16/2020
1403,27077,8/10/2020
1404,27079,5/10/2020
1405,27081,6/2/2020
1406,27083,5/17/2020
1407,27087,5/29/2020
1408,27089,5/29/2020
1409,27091,3/29/2020
1410,27085,5/31/2020
1411,27093,5/14/2020
1412,27095,6/13/2020
1413,27097,5/22/2020
1414,27099,5/9/2020
1415,27101,4/27/2020
1416,27103,5/17/2020
1417,27105,4/18/2020
1418,27107,4/24/2020
1419,27109,4/17/2020
1420,27111,5/25/2020
1421,80027,NA
1422,27113,5/27/2020
1423,27115,4/24/2020
1424,27117,5/18/2020
1425,27119,5/1/2020
1426,27121,7/7/2020
1427,27123,5/5/2020
1428,27125,7/13/2020
1429,27127,6/29/2020
1430,27129,6/22/2020
1431,27131,5/8/2020
1432,27133,4/30/2020
1433,27135,7/5/2020
1434,27139,5/11/2020
1435,27141,5/9/2020
1436,27143,5/28/2020
1437,27137,7/9/2020
1438,27145,4/29/2020
1439,27147,5/7/2020
1440,27149,7/10/2020
1441,27151,5/13/2020
1442,27153,5/7/2020
1443,27155,6/2/2020
1444,90027,NA
1445,27157,6/17/2020
1446,27159,6/23/2020
1447,27161,5/15/2020
1448,27163,5/12/2020
1449,27165,4/30/2020
1450,27167,4/11/2020
1451,27169,4/15/2020
1452,27171,5/15/2020
1453,27173,6/15/2020
1454,28001,4/10/2020
1455,28003,6/23/2020
1456,28005,4/13/2020
1457,28007,4/12/2020
1458,28009,4/21/2020
1459,28011,4/3/2020
1460,28013,4/12/2020
1461,28015,4/17/2020
1462,28017,4/9/2020
1463,28019,4/7/2020
1464,28021,4/19/2020
1465,28023,4/15/2020
1466,28025,4/13/2020
1467,28027,4/2/2020
1468,28029,4/10/2020
1469,28031,4/15/2020
1470,28033,4/14/2020
1471,28035,4/10/2020
1472,28037,4/9/2020
1473,28039,5/30/2020
1474,28041,6/1/2020
1475,28043,4/20/2020
1476,28045,4/15/2020
1477,28047,5/13/2020
1478,28049,4/11/2020
1479,28051,4/5/2020
1480,28053,4/10/2020
1481,28055,6/25/2020
1482,28057,4/20/2020
1483,28059,4/13/2020
1484,28061,4/16/2020
1485,28063,4/25/2020
1486,28065,4/21/2020
1487,28067,4/19/2020
1488,28069,4/7/2020
1489,28071,4/19/2020
1490,28073,4/19/2020
1491,28075,4/7/2020
1492,28077,4/18/2020
1493,28079,4/11/2020
1494,28081,5/16/2020
1495,28083,4/9/2020
1496,28085,4/10/2020
1497,28087,5/3/2020
1498,28089,4/14/2020
1499,28091,4/14/2020
1500,28093,4/16/2020
1501,28095,4/12/2020
1502,28097,4/3/2020
1503,28099,4/12/2020
1504,28101,4/19/2020
1505,28103,4/16/2020
1506,28105,4/30/2020
1507,80028,NA
1508,28107,4/19/2020
1509,28109,4/7/2020
1510,28111,4/4/2020
1511,28113,4/11/2020
1512,28115,5/31/2020
1513,28117,4/21/2020
1514,28119,4/6/2020
1515,28121,4/25/2020
1516,28123,4/7/2020
1517,28125,4/27/2020
1518,28127,4/20/2020
1519,28129,4/9/2020
1520,28131,4/20/2020
1521,28133,4/8/2020
1522,28135,5/13/2020
1523,28137,4/18/2020
1524,28139,3/29/2020
1525,28141,5/19/2020
1526,28143,3/31/2020
1527,90028,NA
1528,28145,5/4/2020
1529,28147,4/8/2020
1530,28149,4/26/2020
1531,28151,4/9/2020
1532,28153,4/30/2020
1533,28155,4/4/2020
1534,28157,3/27/2020
1535,28159,4/11/2020
1536,28161,4/11/2020
1537,28163,4/5/2020
1538,29001,5/17/2020
1539,29003,5/19/2020
1540,29005,7/7/2020
1541,29007,5/22/2020
1542,29009,6/26/2020
1543,29011,6/19/2020
1544,29013,7/16/2020
1545,29015,7/7/2020
1546,29017,6/21/2020
1547,29019,6/6/2020
1548,29021,5/1/2020
1549,29023,6/4/2020
1550,29025,7/1/2020
1551,29027,6/23/2020
1552,29029,6/20/2020
1553,29031,6/5/2020
1554,29033,6/4/2020
1555,29035,6/19/2020
1556,29037,6/10/2020
1557,29039,7/15/2020
1558,29041,7/16/2020
1559,29043,7/15/2020
1560,29045,7/30/2020
1561,29047,6/10/2020
1562,29049,6/15/2020
1563,29051,7/2/2020
1564,29053,7/3/2020
1565,29055,7/15/2020
1566,29057,7/22/2020
1567,29059,7/9/2020
1568,29061,6/30/2020
1569,29063,7/2/2020
1570,29065,8/13/2020
1571,29067,7/14/2020
1572,29069,5/25/2020
1573,29071,4/22/2020
1574,29073,7/11/2020
1575,29075,5/24/2020
1576,29077,7/2/2020
1577,29079,6/13/2020
1578,29081,5/26/2020
1579,29083,7/10/2020
1580,29085,7/28/2020
1581,29087,7/28/2020
1582,29089,7/17/2020
1583,29091,7/2/2020
1584,29093,7/31/2020
1585,29095,6/8/2020
1586,29097,6/13/2020
1587,29099,4/21/2020
1588,29101,5/1/2020
1589,29103,7/22/2020
1590,29105,7/4/2020
1591,29107,4/23/2020
1592,29109,7/3/2020
1593,29111,7/16/2020
1594,29113,4/24/2020
1595,29115,6/17/2020
1596,29117,7/4/2020
1597,29121,7/9/2020
1598,29123,7/22/2020
1599,29125,7/23/2020
1600,29127,7/9/2020
1601,29119,6/5/2020
1602,29129,6/12/2020
1603,29131,7/14/2020
1604,29133,4/25/2020
1605,29135,4/17/2020
1606,29137,7/23/2020
1607,29139,6/8/2020
1608,29141,7/7/2020
1609,29143,5/28/2020
1610,29145,6/13/2020
1611,29147,7/4/2020
1612,29149,7/20/2020
1613,29151,7/13/2020
1614,80029,NA
1615,29153,8/7/2020
1616,29155,4/22/2020
1617,29157,4/4/2020
1618,29159,5/3/2020
1619,29161,7/3/2020
1620,29163,5/30/2020
1621,29165,6/23/2020
1622,29167,7/18/2020
1623,29169,6/6/2020
1624,29171,7/29/2020
1625,29173,7/19/2020
1626,29175,7/23/2020
1627,29177,6/9/2020
1628,29179,7/12/2020
1629,29181,6/20/2020
1630,29195,4/13/2020
1631,29197,6/26/2020
1632,29199,5/31/2020
1633,29201,4/16/2020
1634,29203,7/2/2020
1635,29205,7/17/2020
1636,29183,4/16/2020
1637,29185,7/18/2020
1638,29187,6/22/2020
1639,29189,4/4/2020
1640,29510,4/4/2020
1641,29186,6/28/2020
1642,29207,5/13/2020
1643,29209,7/15/2020
1644,29211,5/14/2020
1645,29213,6/29/2020
1646,29215,7/30/2020
1647,90029,NA
1648,29217,7/3/2020
1649,29219,6/25/2020
1650,29221,7/3/2020
1651,29223,7/28/2020
1652,29225,7/5/2020
1653,29227,5/18/2020
1654,29229,7/3/2020
1655,30001,7/21/2020
1656,30003,5/29/2020
1657,30005,7/23/2020
1658,30007,7/11/2020
1659,30009,6/20/2020
1660,30011,9/24/2020
1661,30013,7/24/2020
1662,30015,7/31/2020
1663,30017,6/16/2020
1664,30019,7/29/2020
1665,30021,6/25/2020
1666,30023,7/23/2020
1667,30025,9/4/2020
1668,30027,8/9/2020
1669,30029,7/18/2020
1670,30031,4/6/2020
1671,30033,7/15/2020
1672,30035,6/29/2020
1673,30037,4/11/2020
1674,30039,7/1/2020
1675,30041,7/17/2020
1676,30043,7/17/2020
1677,30045,7/30/2020
1678,30047,7/9/2020
1679,30049,7/17/2020
1680,30051,8/26/2020
1681,30053,7/13/2020
1682,30057,4/5/2020
1683,30055,8/4/2020
1684,30059,6/30/2020
1685,30061,9/30/2020
1686,30063,7/6/2020
1687,30065,8/21/2020
1688,80030,NA
1689,30067,7/12/2020
1690,30069,10/5/2020
1691,30071,8/5/2020
1692,30073,7/21/2020
1693,30075,8/25/2020
1694,30077,8/24/2020
1695,30079,9/26/2020
1696,30081,7/12/2020
1697,30083,6/29/2020
1698,30085,7/29/2020
1699,30087,6/24/2020
1700,30089,8/16/2020
1701,30091,8/5/2020
1702,30093,7/25/2020
1703,30095,7/16/2020
1704,30097,7/22/2020
1705,30099,7/4/2020
1706,30101,3/28/2020
1707,30103,6/25/2020
1708,90030,NA
1709,30105,7/26/2020
1710,30107,7/30/2020
1711,30109,7/14/2020
1712,30111,6/29/2020
1713,31001,4/10/2020
1714,31003,5/19/2020
1715,31005,8/6/2020
1716,31007,6/11/2020
1717,31009,9/25/2020
1718,31011,5/30/2020
1719,31013,8/1/2020
1720,31015,8/6/2020
1721,31017,8/25/2020
1722,31019,4/19/2020
1723,31021,5/21/2020
1724,31023,5/6/2020
1725,31025,5/21/2020
1726,31027,6/19/2020
1727,31029,7/20/2020
1728,31031,8/26/2020
1729,31033,5/17/2020
1730,31035,4/29/2020
1731,31037,4/26/2020
1732,31039,5/4/2020
1733,31041,4/11/2020
1734,31043,4/18/2020
1735,31045,8/5/2020
1736,31047,4/17/2020
1737,31049,7/15/2020
1738,31051,4/30/2020
1739,31053,4/23/2020
1740,31055,4/29/2020
1741,31057,7/20/2020
1742,31059,5/30/2020
1743,31061,4/13/2020
1744,31063,7/21/2020
1745,31065,5/15/2020
1746,31067,4/7/2020
1747,31069,6/1/2020
1748,31071,7/10/2020
1749,31073,4/18/2020
1750,31075,9/16/2020
1751,31077,5/23/2020
1752,31079,4/8/2020
1753,31081,4/11/2020
1754,31083,8/25/2020
1755,31085,10/4/2020
1756,31087,9/14/2020
1757,31089,8/3/2020
1758,31091,5/2/2020
1759,31093,4/23/2020
1760,31095,6/7/2020
1761,31097,5/15/2020
1762,31099,5/11/2020
1763,31101,7/21/2020
1764,31103,5/20/2020
1765,31105,4/3/2020
1766,31107,5/25/2020
1767,31109,5/3/2020
1768,31111,5/6/2020
1769,31113,4/6/2020
1770,31115,6/24/2020
1771,31119,4/23/2020
1772,31117,5/6/2020
1773,31121,4/20/2020
1774,31123,5/6/2020
1775,31125,5/4/2020
1776,31127,7/20/2020
1777,31129,7/21/2020
1778,31131,6/28/2020
1779,80031,NA
1780,31133,7/25/2020
1781,31135,7/20/2020
1782,31137,5/9/2020
1783,31139,6/27/2020
1784,31141,4/27/2020
1785,31143,4/20/2020
1786,31145,7/21/2020
1787,31147,7/11/2020
1788,31149,7/3/2020
1789,31151,4/22/2020
1790,31153,5/7/2020
1791,31155,5/19/2020
1792,31157,5/8/2020
1793,31159,5/13/2020
1794,31161,7/3/2020
1795,31163,5/26/2020
1796,31165,6/12/2020
1797,31167,5/4/2020
1798,31169,7/9/2020
1799,31171,5/6/2020
1800,31173,5/7/2020
1801,90031,NA
1802,31175,6/4/2020
1803,31177,4/15/2020
1804,31179,5/23/2020
1805,31181,4/30/2020
1806,31183,7/25/2020
1807,31185,5/5/2020
1808,32510,5/11/2020
1809,32001,7/9/2020
1810,32003,4/12/2020
1811,32005,6/19/2020
1812,32007,6/18/2020
1813,32009,11/13/2020
1814,32011,8/9/2020
1815,32013,4/11/2020
1816,32015,4/28/2020
1817,32017,8/22/2020
1818,32019,5/29/2020
1819,32021,6/29/2020
1820,32023,5/12/2020
1821,80032,NA
1822,32027,6/23/2020
1823,32029,8/10/2020
1824,90032,NA
1825,32031,4/14/2020
1826,32033,7/17/2020
1827,33001,6/2/2020
1828,33003,6/10/2020
1829,33005,7/14/2020
1830,33007,10/19/2020
1831,33009,7/8/2020
1832,33011,4/15/2020
1833,33013,4/30/2020
1834,80033,NA
1835,33015,4/12/2020
1836,33017,4/26/2020
1837,33019,8/12/2020
1838,90033,NA
1839,34001,4/13/2020
1840,34003,3/26/2020
1841,34005,4/4/2020
1842,34007,4/5/2020
1843,34009,4/7/2020
1844,34011,4/11/2020
1845,34013,3/27/2020
1846,34015,4/7/2020
1847,34017,3/28/2020
1848,34019,4/2/2020
1849,34021,4/2/2020
1850,34023,3/29/2020
1851,34025,3/27/2020
1852,34027,3/29/2020
1853,34029,3/28/2020
1854,80034,NA
1855,34031,3/28/2020
1856,34033,4/13/2020
1857,34035,3/30/2020
1858,34037,4/1/2020
1859,90034,NA
1860,34039,3/28/2020
1861,34041,4/2/2020
1862,35001,4/26/2020
1863,35003,7/16/2020
1864,35005,6/22/2020
1865,35006,4/15/2020
1866,35007,7/25/2020
1867,35009,5/26/2020
1868,35011,9/12/2020
1869,35013,5/10/2020
1870,35015,6/24/2020
1871,35017,7/8/2020
1872,35019,4/24/2020
1873,35021,4/23/2020
1874,35023,6/15/2020
1875,35025,6/22/2020
1876,35027,7/11/2020
1877,35028,7/31/2020
1878,35029,6/13/2020
1879,35031,4/10/2020
1880,35033,7/22/2020
1881,35035,7/10/2020
1882,80035,NA
1883,35037,7/8/2020
1884,35039,5/28/2020
1885,35041,5/16/2020
1886,35045,4/10/2020
1887,35047,7/14/2020
1888,35043,4/10/2020
1889,35049,6/7/2020
1890,35051,6/26/2020
1891,35053,4/17/2020
1892,35055,6/15/2020
1893,35057,5/2/2020
1894,90035,NA
1895,35059,6/5/2020
1896,35061,6/2/2020
1897,36001,4/6/2020
1898,36003,6/1/2020
1899,36005,3/23/2020
1900,36007,4/19/2020
1901,36009,5/23/2020
1902,36011,5/24/2020
1903,36013,6/30/2020
1904,36015,4/25/2020
1905,36017,4/7/2020
1906,36019,5/14/2020
1907,36021,4/5/2020
1908,36023,7/3/2020
1909,36025,4/14/2020
1910,36027,3/29/2020
1911,36029,4/5/2020
1912,36031,5/31/2020
1913,36033,8/5/2020
1914,36035,4/25/2020
1915,36037,4/10/2020
1916,36039,4/14/2020
1917,36041,5/6/2020
1918,36043,5/3/2020
1919,36045,7/21/2020
1920,36047,3/22/2020
1921,36049,6/28/2020
1922,36051,4/28/2020
1923,36053,4/3/2020
1924,36055,4/10/2020
1925,36057,4/29/2020
1926,36059,3/22/2020
1927,36061,3/22/2020
1928,36063,4/14/2020
1929,36065,4/14/2020
1930,36067,4/12/2020
1931,36069,5/14/2020
1932,36071,3/23/2020
1933,36073,4/18/2020
1934,36075,6/11/2020
1935,36077,4/25/2020
1936,80036,NA
1937,36079,3/27/2020
1938,36081,3/22/2020
1939,36083,4/18/2020
1940,36085,3/22/2020
1941,36087,3/22/2020
1942,36091,4/16/2020
1943,36093,4/9/2020
1944,36095,4/25/2020
1945,36097,7/20/2020
1946,36099,4/25/2020
1947,36089,4/20/2020
1948,36101,4/10/2020
1949,36103,3/24/2020
1950,36105,3/29/2020
1951,36107,4/25/2020
1952,36109,4/7/2020
1953,36111,3/30/2020
1954,90036,NA
1955,36113,4/14/2020
1956,36115,4/19/2020
1957,36117,5/15/2020
1958,36119,3/20/2020
1959,36121,4/15/2020
1960,36123,5/18/2020
1961,37001,5/9/2020
1962,37003,6/1/2020
1963,37005,5/15/2020
1964,37007,4/28/2020
1965,37009,5/17/2020
1966,37011,7/3/2020
1967,37013,6/11/2020
1968,37015,4/17/2020
1969,37017,5/4/2020
1970,37019,6/7/2020
1971,37021,5/24/2020
1972,37023,4/27/2020
1973,37025,4/21/2020
1974,37027,5/14/2020
1975,37029,6/17/2020
1976,37031,6/27/2020
1977,37033,4/29/2020
1978,37035,5/25/2020
1979,37037,4/13/2020
1980,37039,6/4/2020
1981,37041,5/18/2020
1982,37043,7/2/2020
1983,37045,6/1/2020
1984,37047,4/18/2020
1985,37049,5/17/2020
1986,37051,5/6/2020
1987,37053,7/9/2020
1988,37055,6/26/2020
1989,37057,5/1/2020
1990,37059,5/14/2020
1991,37061,4/24/2020
1992,37063,4/14/2020
1993,37065,4/18/2020
1994,37067,5/9/2020
1995,37069,4/18/2020
1996,37071,5/21/2020
1997,37073,5/12/2020
1998,37075,6/24/2020
1999,37077,4/5/2020
2000,37079,5/6/2020
2001,37081,5/6/2020
2002,37083,4/27/2020
2003,37085,4/26/2020
2004,37087,6/8/2020
2005,37089,4/18/2020
2006,37091,4/24/2020
2007,37093,4/26/2020
2008,37095,6/19/2020
2009,37097,5/15/2020
2010,37099,6/6/2020
2011,37101,5/11/2020
2012,37103,4/24/2020
2013,37105,4/22/2020
2014,37107,4/27/2020
2015,37109,6/3/2020
2016,37113,5/28/2020
2017,37115,7/17/2020
2018,37117,5/5/2020
2019,37111,5/28/2020
2020,37119,4/17/2020
2021,37121,6/10/2020
2022,37123,4/27/2020
2023,37125,4/24/2020
2024,37127,4/29/2020
2025,37129,6/4/2020
2026,37131,3/28/2020
2027,37133,6/19/2020
2028,37135,4/9/2020
2029,80037,NA
2030,37137,6/6/2020
2031,37139,5/6/2020
2032,37141,5/22/2020
2033,37143,4/30/2020
2034,37145,5/27/2020
2035,37147,5/13/2020
2036,37149,4/30/2020
2037,37151,4/27/2020
2038,37153,4/29/2020
2039,37155,4/27/2020
2040,37157,5/29/2020
2041,37159,4/12/2020
2042,37161,4/18/2020
2043,37163,4/29/2020
2044,37165,5/7/2020
2045,37167,5/29/2020
2046,37169,5/22/2020
2047,37171,5/15/2020
2048,37173,5/30/2020
2049,37175,7/5/2020
2050,37177,6/10/2020
2051,90037,NA
2052,37179,4/29/2020
2053,37181,4/25/2020
2054,37183,5/14/2020
2055,37185,5/7/2020
2056,37187,4/9/2020
2057,37189,6/27/2020
2058,37191,4/16/2020
2059,37193,5/1/2020
2060,37195,4/15/2020
2061,37197,5/8/2020
2062,37199,6/6/2020
2063,38001,8/10/2020
2064,38003,6/17/2020
2065,38005,7/8/2020
2066,38007,6/20/2020
2067,38009,7/14/2020
2068,38011,7/23/2020
2069,38013,4/23/2020
2070,38015,5/6/2020
2071,38017,4/18/2020
2072,38019,7/5/2020
2073,38021,7/9/2020
2074,38023,8/12/2020
2075,38025,4/18/2020
2076,38027,5/22/2020
2077,38029,5/21/2020
2078,38031,7/8/2020
2079,38033,7/17/2020
2080,38035,4/18/2020
2081,38037,6/28/2020
2082,38039,7/18/2020
2083,38041,7/18/2020
2084,38043,7/12/2020
2085,38045,6/10/2020
2086,38047,7/28/2020
2087,38049,7/8/2020
2088,38051,7/8/2020
2089,38053,5/19/2020
2090,38055,6/14/2020
2091,38057,7/11/2020
2092,38059,5/5/2020
2093,38061,4/3/2020
2094,38063,7/18/2020
2095,38065,6/29/2020
2096,80038,NA
2097,38067,6/14/2020
2098,38069,5/21/2020
2099,38071,7/5/2020
2100,38073,5/19/2020
2101,38075,5/30/2020
2102,38077,5/24/2020
2103,38079,7/24/2020
2104,38081,6/4/2020
2105,38083,7/8/2020
2106,38085,6/17/2020
2107,38087,4/3/2020
2108,38089,4/12/2020
2109,38091,7/1/2020
2110,38093,5/29/2020
2111,38095,7/11/2020
2112,38097,5/20/2020
2113,90038,NA
2114,38099,5/20/2020
2115,38101,7/10/2020
2116,38103,6/6/2020
2117,38105,7/3/2020
2118,69,NA
2119,39001,7/13/2020
2120,39003,4/24/2020
2121,39005,7/1/2020
2122,39007,4/23/2020
2123,39009,7/8/2020
2124,39011,5/12/2020
2125,39013,4/18/2020
2126,39015,6/22/2020
2127,39017,5/8/2020
2128,39019,5/22/2020
2129,39021,7/3/2020
2130,39023,5/16/2020
2131,39025,5/31/2020
2132,39027,5/20/2020
2133,39029,4/12/2020
2134,39031,5/28/2020
2135,39033,4/29/2020
2136,39035,4/14/2020
2137,39037,4/15/2020
2138,39039,6/10/2020
2139,39041,5/9/2020
2140,39043,5/7/2020
2141,39045,5/6/2020
2142,39047,5/16/2020
2143,39049,4/17/2020
2144,39051,6/1/2020
2145,39053,7/20/2020
2146,39055,4/17/2020
2147,39057,6/21/2020
2148,39059,6/6/2020
2149,39061,4/23/2020
2150,39063,6/30/2020
2151,39065,5/21/2020
2152,39067,7/16/2020
2153,39069,6/29/2020
2154,39071,7/3/2020
2155,39073,5/14/2020
2156,39075,6/2/2020
2157,39077,6/1/2020
2158,39079,7/15/2020
2159,39081,5/28/2020
2160,39083,7/16/2020
2161,39085,5/19/2020
2162,39087,6/29/2020
2163,39089,5/14/2020
2164,39091,6/8/2020
2165,39093,4/21/2020
2166,39095,4/10/2020
2167,39097,4/24/2020
2168,39099,4/4/2020
2169,39101,4/13/2020
2170,39103,5/6/2020
2171,39105,7/24/2020
2172,39107,5/6/2020
2173,39109,4/8/2020
2174,39111,5/11/2020
2175,39113,5/20/2020
2176,39115,7/21/2020
2177,39117,4/28/2020
2178,39119,7/8/2020
2179,39121,7/17/2020
2180,39123,5/5/2020
2181,80039,NA
2182,39125,6/22/2020
2183,39127,7/8/2020
2184,39129,4/13/2020
2185,39131,7/11/2020
2186,39133,4/17/2020
2187,39135,6/12/2020
2188,39137,4/23/2020
2189,39139,5/12/2020
2190,39141,6/10/2020
2191,39143,5/19/2020
2192,39145,7/13/2020
2193,39147,7/18/2020
2194,39149,6/7/2020
2195,39151,5/2/2020
2196,39153,4/28/2020
2197,39155,4/15/2020
2198,39157,5/1/2020
2199,90039,NA
2200,39159,6/9/2020
2201,39161,7/3/2020
2202,39163,5/12/2020
2203,39165,5/13/2020
2204,39167,4/19/2020
2205,39169,4/28/2020
2206,39171,5/4/2020
2207,39173,4/25/2020
2208,39175,4/24/2020
2209,40001,4/7/2020
2210,40003,8/16/2020
2211,40005,6/22/2020
2212,40007,4/30/2020
2213,40009,7/13/2020
2214,40011,6/9/2020
2215,40013,6/12/2020
2216,40015,4/15/2020
2217,40017,6/14/2020
2218,40019,6/4/2020
2219,40021,6/16/2020
2220,40023,5/24/2020
2221,40025,8/12/2020
2222,40027,4/15/2020
2223,40029,6/11/2020
2224,40031,5/9/2020
2225,40033,6/26/2020
2226,40035,5/19/2020
2227,40037,4/24/2020
2228,40039,6/3/2020
2229,40041,4/12/2020
2230,40043,6/15/2020
2231,40045,7/25/2020
2232,40047,6/24/2020
2233,40049,6/14/2020
2234,40051,5/14/2020
2235,40053,7/20/2020
2236,40055,4/4/2020
2237,40057,7/7/2020
2238,40059,7/25/2020
2239,40061,7/6/2020
2240,40063,7/10/2020
2241,40065,5/30/2020
2242,40067,6/30/2020
2243,40069,6/29/2020
2244,40071,4/13/2020
2245,40073,6/19/2020
2246,40075,6/30/2020
2247,40077,6/30/2020
2248,40079,7/9/2020
2249,40081,7/5/2020
2250,40083,6/30/2020
2251,40085,5/23/2020
2252,40093,6/21/2020
2253,40095,6/16/2020
2254,40097,6/11/2020
2255,40087,4/30/2020
2256,40089,5/28/2020
2257,40091,6/16/2020
2258,40099,6/25/2020
2259,40101,6/11/2020
2260,40103,6/14/2020
2261,40105,4/14/2020
2262,40107,6/26/2020
2263,40109,5/1/2020
2264,40111,6/20/2020
2265,40113,4/12/2020
2266,40115,4/28/2020
2267,80040,NA
2268,40117,4/5/2020
2269,40119,6/13/2020
2270,40121,6/10/2020
2271,40123,6/30/2020
2272,40125,6/16/2020
2273,40127,7/1/2020
2274,40129,7/23/2020
2275,40131,6/12/2020
2276,40133,5/29/2020
2277,40135,7/3/2020
2278,40137,6/7/2020
2279,40139,4/20/2020
2280,40141,5/3/2020
2281,40143,5/6/2020
2282,90040,NA
2283,40145,4/14/2020
2284,40147,4/9/2020
2285,40149,7/15/2020
2286,40151,7/8/2020
2287,40153,7/21/2020
2288,41001,7/24/2020
2289,41003,7/5/2020
2290,41005,6/11/2020
2291,41007,5/20/2020
2292,41009,7/13/2020
2293,41011,7/18/2020
2294,41013,7/19/2020
2295,41015,9/6/2020
2296,41017,7/3/2020
2297,41019,7/24/2020
2298,41021,7/13/2020
2299,41023,8/22/2020
2300,41025,7/28/2020
2301,41027,6/3/2020
2302,41029,7/18/2020
2303,41031,5/21/2020
2304,41033,7/29/2020
2305,41035,6/19/2020
2306,41037,6/25/2020
2307,41039,7/18/2020
2308,41041,6/8/2020
2309,41043,6/24/2020
2310,41045,5/28/2020
2311,41047,4/19/2020
2312,41049,5/8/2020
2313,41051,5/8/2020
2314,80041,NA
2315,41053,5/11/2020
2316,41055,7/3/2020
2317,41057,8/2/2020
2318,41059,5/8/2020
2319,90041,NA
2320,41061,6/15/2020
2321,41063,6/21/2020
2322,41065,6/3/2020
2323,41067,5/13/2020
2324,41069,10/27/2020
2325,41071,6/26/2020
2326,42001,4/24/2020
2327,42003,4/27/2020
2328,42005,6/6/2020
2329,42007,4/16/2020
2330,42009,6/14/2020
2331,42011,4/9/2020
2332,42013,7/17/2020
2333,42015,7/15/2020
2334,42017,4/6/2020
2335,42019,5/7/2020
2336,42021,7/11/2020
2337,42023,7/15/2020
2338,42025,4/7/2020
2339,42027,6/12/2020
2340,42029,4/11/2020
2341,42031,7/3/2020
2342,42033,7/8/2020
2343,42035,5/9/2020
2344,42037,4/9/2020
2345,42039,7/15/2020
2346,42041,4/26/2020
2347,42043,4/16/2020
2348,42045,4/4/2020
2349,42047,7/13/2020
2350,42049,5/30/2020
2351,42051,7/3/2020
2352,42053,7/28/2020
2353,42055,4/24/2020
2354,42057,5/26/2020
2355,42059,6/28/2020
2356,42061,5/2/2020
2357,42063,5/19/2020
2358,42065,7/18/2020
2359,42067,4/10/2020
2360,42069,4/7/2020
2361,42071,4/8/2020
2362,42073,6/10/2020
2363,42075,4/7/2020
2364,42077,4/1/2020
2365,42079,4/2/2020
2366,42081,5/9/2020
2367,42083,9/3/2020
2368,42085,6/4/2020
2369,42087,5/7/2020
2370,42089,3/30/2020
2371,42091,4/3/2020
2372,42093,4/4/2020
2373,42095,4/1/2020
2374,42097,4/28/2020
2375,80042,NA
2376,42099,5/24/2020
2377,42101,4/1/2020
2378,42103,4/1/2020
2379,42105,7/3/2020
2380,42107,4/9/2020
2381,42109,5/30/2020
2382,42111,7/11/2020
2383,42113,7/4/2020
2384,42115,4/16/2020
2385,42117,8/14/2020
2386,90042,NA
2387,42119,5/16/2020
2388,42121,7/17/2020
2389,42123,9/9/2020
2390,42125,6/28/2020
2391,42127,4/10/2020
2392,42129,4/25/2020
2393,42131,5/4/2020
2394,42133,4/18/2020
2395,72001,NA
2396,72003,NA
2397,72005,NA
2398,72007,NA
2399,72009,NA
2400,72011,NA
2401,72013,NA
2402,72015,NA
2403,72017,NA
2404,72019,NA
2405,72021,NA
2406,72023,NA
2407,72025,NA
2408,72027,NA
2409,72029,NA
2410,72031,NA
2411,72033,NA
2412,72035,NA
2413,72037,NA
2414,72039,NA
2415,72041,NA
2416,72043,NA
2417,72045,NA
2418,72047,NA
2419,72049,NA
2420,72051,NA
2421,72053,NA
2422,72054,NA
2423,72055,NA
2424,72057,NA
2425,72059,NA
2426,72061,NA
2427,72063,NA
2428,72065,NA
2429,72067,NA
2430,72069,NA
2431,72071,NA
2432,72073,NA
2433,72075,NA
2434,72077,NA
2435,72079,NA
2436,72081,NA
2437,72083,NA
2438,72085,NA
2439,72087,NA
2440,72089,NA
2441,72091,NA
2442,72093,NA
2443,72095,NA
2444,72097,NA
2445,72099,NA
2446,72101,NA
2447,72103,NA
2448,72105,NA
2449,72107,NA
2450,72888,NA
2451,72109,NA
2452,72111,NA
2453,72113,NA
2454,72115,NA
2455,72117,NA
2456,72119,NA
2457,72121,NA
2458,72123,NA
2459,72125,NA
2460,72127,NA
2461,72129,NA
2462,72131,NA
2463,72133,NA
2464,72135,NA
2465,72137,NA
2466,72139,NA
2467,72999,NA
2468,72141,NA
2469,72143,NA
2470,72145,NA
2471,72147,NA
2472,72149,NA
2473,72151,NA
2474,72153,NA
2475,44001,4/15/2020
2476,44003,4/11/2020
2477,44005,4/15/2020
2478,80044,NA
2479,44007,4/8/2020
2480,90044,NA
2481,44009,4/11/2020
2482,45001,4/26/2020
2483,45003,5/24/2020
2484,45005,4/28/2020
2485,45007,5/16/2020
2486,45009,5/9/2020
2487,45011,5/1/2020
2488,45013,4/12/2020
2489,45015,5/29/2020
2490,45017,5/31/2020
2491,45019,4/23/2020
2492,45021,6/7/2020
2493,45023,5/3/2020
2494,45025,4/27/2020
2495,45027,4/3/2020
2496,45029,5/14/2020
2497,45031,4/20/2020
2498,45033,4/24/2020
2499,45035,5/30/2020
2500,45037,4/29/2020
2501,45039,4/13/2020
2502,45041,4/19/2020
2503,45043,5/25/2020
2504,45045,4/22/2020
2505,45047,5/18/2020
2506,45049,4/18/2020
2507,45051,5/22/2020
2508,45053,5/23/2020
2509,45055,3/27/2020
2510,45057,5/1/2020
2511,45059,6/1/2020
2512,45061,4/5/2020
2513,45063,4/24/2020
2514,45067,4/26/2020
2515,45069,4/19/2020
2516,45065,6/5/2020
2517,45071,5/22/2020
2518,45073,6/14/2020
2519,45075,5/3/2020
2520,80045,NA
2521,45077,5/26/2020
2522,45079,4/9/2020
2523,45081,4/24/2020
2524,45083,5/7/2020
2525,45085,4/9/2020
2526,90045,NA
2527,45087,5/8/2020
2528,45089,4/23/2020
2529,45091,5/16/2020
2530,46003,5/17/2020
2531,46005,3/29/2020
2532,46007,6/25/2020
2533,46009,5/24/2020
2534,46011,6/15/2020
2535,46013,4/30/2020
2536,46015,6/12/2020
2537,46017,5/19/2020
2538,46019,8/2/2020
2539,46021,7/31/2020
2540,46023,5/19/2020
2541,46025,5/14/2020
2542,46027,5/17/2020
2543,46029,5/23/2020
2544,46031,6/10/2020
2545,46033,7/1/2020
2546,46035,6/3/2020
2547,46037,5/2/2020
2548,46039,7/11/2020
2549,46041,7/2/2020
2550,46043,5/25/2020
2551,46045,6/8/2020
2552,46047,6/22/2020
2553,46049,6/9/2020
2554,46051,5/16/2020
2555,46053,7/9/2020
2556,46055,8/1/2020
2557,46057,6/8/2020
2558,46059,6/5/2020
2559,46061,6/21/2020
2560,46063,8/13/2020
2561,46065,5/24/2020
2562,46067,6/10/2020
2563,46069,6/8/2020
2564,46071,5/30/2020
2565,46073,4/11/2020
2566,46075,7/8/2020
2567,46077,6/7/2020
2568,46079,6/6/2020
2569,46081,7/23/2020
2570,46083,4/15/2020
2571,46085,5/14/2020
2572,46091,6/16/2020
2573,46087,5/30/2020
2574,46089,6/9/2020
2575,46093,6/12/2020
2576,46095,6/24/2020
2577,46097,6/7/2020
2578,46099,4/8/2020
2579,46101,5/6/2020
2580,46102,5/22/2020
2581,80046,NA
2582,46103,5/22/2020
2583,46105,7/16/2020
2584,46107,8/20/2020
2585,46109,5/6/2020
2586,46111,4/15/2020
2587,46115,6/21/2020
2588,46117,4/28/2020
2589,46119,8/7/2020
2590,46121,5/12/2020
2591,46123,5/23/2020
2592,46125,4/22/2020
2593,90046,NA
2594,46127,4/29/2020
2595,46129,6/16/2020
2596,46135,4/16/2020
2597,46137,6/28/2020
2598,47001,6/23/2020
2599,47003,4/19/2020
2600,47005,7/14/2020
2601,47007,4/23/2020
2602,47009,6/23/2020
2603,47011,5/29/2020
2604,47013,7/2/2020
2605,47015,5/21/2020
2606,47017,6/2/2020
2607,47019,7/4/2020
2608,47021,4/28/2020
2609,47023,6/27/2020
2610,47025,7/2/2020
2611,47027,6/2/2020
2612,47029,6/26/2020
2613,47031,5/14/2020
2614,47033,5/24/2020
2615,47035,4/23/2020
2616,47037,4/2/2020
2617,47041,5/3/2020
2618,47039,6/10/2020
2619,47043,4/23/2020
2620,47045,5/4/2020
2621,47047,4/17/2020
2622,47049,7/2/2020
2623,47051,5/15/2020
2624,47053,5/3/2020
2625,47055,6/23/2020
2626,47057,6/19/2020
2627,47059,6/27/2020
2628,47061,4/6/2020
2629,47063,6/11/2020
2630,47065,5/19/2020
2631,47067,7/7/2020
2632,47069,5/8/2020
2633,47071,6/7/2020
2634,47073,7/3/2020
2635,47075,4/26/2020
2636,47077,6/27/2020
2637,47079,6/9/2020
2638,47081,4/25/2020
2639,47083,6/9/2020
2640,47085,6/26/2020
2641,47087,5/19/2020
2642,47089,6/19/2020
2643,47091,6/3/2020
2644,47093,6/8/2020
2645,47095,4/23/2020
2646,47097,5/9/2020
2647,47099,6/10/2020
2648,47101,7/15/2020
2649,47103,6/11/2020
2650,47105,5/18/2020
2651,47111,4/13/2020
2652,47113,4/24/2020
2653,47115,4/30/2020
2654,47117,6/6/2020
2655,47119,6/2/2020
2656,47107,4/27/2020
2657,47109,6/12/2020
2658,47121,5/7/2020
2659,47123,5/18/2020
2660,47125,5/18/2020
2661,47127,6/30/2020
2662,47129,6/18/2020
2663,47131,6/2/2020
2664,80047,NA
2665,47133,5/26/2020
2666,47135,4/30/2020
2667,47137,6/25/2020
2668,47139,6/2/2020
2669,47141,4/8/2020
2670,47143,5/21/2020
2671,47145,7/3/2020
2672,47147,4/10/2020
2673,47149,4/21/2020
2674,47151,7/10/2020
2675,47153,6/2/2020
2676,47155,6/5/2020
2677,47157,4/9/2020
2678,47159,4/30/2020
2679,47161,6/5/2020
2680,47163,7/8/2020
2681,47165,4/1/2020
2682,47167,4/20/2020
2683,47169,4/7/2020
2684,90047,NA
2685,47171,6/2/2020
2686,47173,7/9/2020
2687,47175,6/23/2020
2688,47177,6/24/2020
2689,47179,6/30/2020
2690,47181,5/15/2020
2691,47183,6/17/2020
2692,47185,5/27/2020
2693,47187,4/4/2020
2694,47189,4/14/2020
2695,48001,5/19/2020
2696,48003,4/16/2020
2697,48005,5/7/2020
2698,48007,7/1/2020
2699,48009,7/7/2020
2700,48011,4/25/2020
2701,48013,6/19/2020
2702,48015,6/9/2020
2703,48017,5/18/2020
2704,48019,7/4/2020
2705,48021,5/4/2020
2706,48023,7/25/2020
2707,48025,6/19/2020
2708,48027,6/1/2020
2709,48029,5/16/2020
2710,48031,6/9/2020
2711,48033,9/23/2020
2712,48035,7/8/2020
2713,48037,5/14/2020
2714,48039,4/23/2020
2715,48041,5/6/2020
2716,48043,6/15/2020
2717,48045,6/25/2020
2718,48047,7/4/2020
2719,48049,5/5/2020
2720,48051,5/19/2020
2721,48053,6/4/2020
2722,48055,5/24/2020
2723,48057,4/22/2020
2724,48059,6/24/2020
2725,48061,5/3/2020
2726,48063,5/15/2020
2727,48065,5/21/2020
2728,48067,6/6/2020
2729,48069,3/28/2020
2730,48071,5/3/2020
2731,48073,6/9/2020
2732,48075,6/26/2020
2733,48077,7/8/2020
2734,48079,7/7/2020
2735,48081,6/12/2020
2736,48083,7/25/2020
2737,48085,5/19/2020
2738,48087,5/10/2020
2739,48089,5/28/2020
2740,48091,6/14/2020
2741,48093,6/16/2020
2742,48095,6/25/2020
2743,48097,6/30/2020
2744,48099,4/21/2020
2745,48101,4/29/2020
2746,48103,5/24/2020
2747,48105,6/9/2020
2748,48107,6/16/2020
2749,48109,6/23/2020
2750,48111,4/25/2020
2751,48113,4/22/2020
2752,48115,4/20/2020
2753,48123,6/9/2020
2754,48117,4/24/2020
2755,48119,6/29/2020
2756,48121,5/8/2020
2757,48125,7/16/2020
2758,48127,6/27/2020
2759,48129,4/3/2020
2760,48131,6/28/2020
2761,48133,7/11/2020
2762,48135,6/3/2020
2763,48137,6/25/2020
2764,48141,4/29/2020
2765,48139,5/7/2020
2766,48143,6/18/2020
2767,48145,6/16/2020
2768,48147,5/26/2020
2769,48149,5/12/2020
2770,48151,6/27/2020
2771,48153,5/27/2020
2772,48155,7/21/2020
2773,48157,4/23/2020
2774,48159,5/24/2020
2775,48161,6/23/2020
2776,48163,5/7/2020
2777,48165,7/2/2020
2778,48167,4/12/2020
2779,48169,6/10/2020
2780,48171,6/24/2020
2781,48173,6/13/2020
2782,48175,6/25/2020
2783,48177,5/1/2020
2784,48179,4/22/2020
2785,48181,5/16/2020
2786,48183,5/12/2020
2787,48185,5/8/2020
2788,48187,6/14/2020
2789,48189,5/7/2020
2790,48191,7/22/2020
2791,48193,6/4/2020
2792,48195,4/30/2020
2793,48197,6/9/2020
2794,48199,4/12/2020
2795,48201,4/19/2020
2796,48203,4/24/2020
2797,48205,5/5/2020
2798,48207,7/7/2020
2799,48209,5/20/2020
2800,48211,6/25/2020
2801,48213,6/17/2020
2802,48215,6/12/2020
2803,48217,6/16/2020
2804,48219,5/19/2020
2805,48221,7/1/2020
2806,48223,6/9/2020
2807,48225,5/14/2020
2808,48227,6/30/2020
2809,48229,6/10/2020
2810,48231,6/5/2020
2811,48233,5/10/2020
2812,48235,6/27/2020
2813,48237,6/30/2020
2814,48239,5/12/2020
2815,48241,6/21/2020
2816,48243,6/30/2020
2817,48245,4/26/2020
2818,48247,6/18/2020
2819,48249,6/23/2020
2820,48251,6/2/2020
2821,48253,4/29/2020
2822,48255,6/25/2020
2823,48257,5/14/2020
2824,48259,6/24/2020
2825,48261,7/3/2020
2826,48263,7/14/2020
2827,48265,6/25/2020
2828,48267,6/30/2020
2829,48269,10/13/2020
2830,48271,7/16/2020
2831,48273,6/23/2020
2832,48275,7/7/2020
2833,48283,6/24/2020
2834,48277,4/28/2020
2835,48279,5/24/2020
2836,48281,7/8/2020
2837,48285,6/11/2020
2838,48287,5/28/2020
2839,48289,6/23/2020
2840,48291,5/30/2020
2841,48293,5/30/2020
2842,48295,6/4/2020
2843,48297,6/22/2020
2844,48299,7/8/2020
2845,48301,11/1/2020
2846,48303,4/14/2020
2847,48305,5/27/2020
2848,48313,6/9/2020
2849,48315,4/30/2020
2850,48317,6/20/2020
2851,48319,4/27/2020
2852,48321,4/5/2020
2853,48323,5/15/2020
2854,48307,6/26/2020
2855,48309,6/20/2020
2856,48311,7/14/2020
2857,48325,5/18/2020
2858,48327,6/24/2020
2859,48329,6/10/2020
2860,48331,5/19/2020
2861,48333,7/9/2020
2862,48335,7/1/2020
2863,48337,7/3/2020
2864,48339,5/1/2020
2865,48341,4/10/2020
2866,48343,5/19/2020
2867,48345,7/8/2020
2868,48347,4/16/2020
2869,48349,5/30/2020
2870,48351,7/14/2020
2871,48353,6/24/2020
2872,48355,6/17/2020
2873,48357,4/28/2020
2874,48359,4/7/2020
2875,48361,5/9/2020
2876,80048,NA
2877,48363,7/3/2020
2878,48365,4/16/2020
2879,48367,6/24/2020
2880,48369,5/4/2020
2881,48371,5/12/2020
2882,48373,5/21/2020
2883,48375,4/19/2020
2884,48377,6/17/2020
2885,48379,7/2/2020
2886,48381,4/25/2020
2887,48383,6/30/2020
2888,48385,7/4/2020
2889,48387,5/12/2020
2890,48389,6/24/2020
2891,48391,6/24/2020
2892,48393,4/16/2020
2893,48395,6/11/2020
2894,48397,5/12/2020
2895,48399,7/2/2020
2896,48401,5/31/2020
2897,48403,5/30/2020
2898,48405,4/10/2020
2899,48407,6/26/2020
2900,48409,6/23/2020
2901,48411,7/8/2020
2902,48413,6/16/2020
2903,48415,5/30/2020
2904,48417,7/3/2020
2905,48419,4/10/2020
2906,48421,4/17/2020
2907,48423,6/9/2020
2908,48425,7/4/2020
2909,48427,6/10/2020
2910,48429,7/8/2020
2911,48431,8/28/2020
2912,48433,7/18/2020
2913,48435,6/29/2020
2914,48437,4/26/2020
2915,48439,4/30/2020
2916,48441,4/19/2020
2917,48443,6/23/2020
2918,48445,5/19/2020
2919,48447,7/14/2020
2920,48449,5/10/2020
2921,48451,6/10/2020
2922,48453,4/23/2020
2923,48455,5/31/2020
2924,48457,6/28/2020
2925,90048,NA
2926,48459,6/17/2020
2927,48461,7/2/2020
2928,48463,6/17/2020
2929,48465,6/19/2020
2930,48467,6/23/2020
2931,48469,4/19/2020
2932,48471,4/19/2020
2933,48473,5/27/2020
2934,48475,6/26/2020
2935,48477,4/11/2020
2936,48479,4/20/2020
2937,48481,5/12/2020
2938,48483,4/29/2020
2939,48485,6/18/2020
2940,48487,7/7/2020
2941,48489,6/5/2020
2942,48491,5/28/2020
2943,48493,6/13/2020
2944,48495,6/25/2020
2945,48497,6/24/2020
2946,48499,6/6/2020
2947,48501,6/13/2020
2948,48503,6/24/2020
2949,48505,6/14/2020
2950,48507,6/2/2020
2951,49001,NA
2952,49003,NA
2953,49005,NA
2954,49007,NA
2955,49009,NA
2956,49011,5/16/2020
2957,49013,NA
2958,49015,NA
2959,49017,NA
2960,49019,NA
2961,49021,NA
2962,49023,NA
2963,49025,NA
2964,49027,NA
2965,49029,NA
2966,80049,NA
2967,49031,NA
2968,49033,NA
2969,49035,4/14/2020
2970,49037,4/17/2020
2971,49039,NA
2972,49041,NA
2973,49043,3/22/2020
2974,49045,5/9/2020
2975,49047,NA
2976,90049,NA
2977,49049,4/24/2020
2978,49051,3/28/2020
2979,49053,NA
2980,49055,NA
2981,49057,NA
2982,50001,4/5/2020
2983,50003,4/18/2020
2984,50005,8/20/2020
2985,50007,4/1/2020
2986,50009,10/26/2020
2987,50011,4/11/2020
2988,50013,6/11/2020
2989,50015,4/25/2020
2990,50017,10/19/2020
2991,50019,10/23/2020
2992,80050,NA
2993,50021,6/14/2020
2994,90050,NA
2995,50023,8/19/2020
2996,50025,4/11/2020
2997,50027,6/9/2020
2998,78,NA
2999,51001,4/18/2020
3000,51003,5/4/2020
3001,51510,4/10/2020
3002,51005,5/26/2020
3003,51007,4/19/2020
3004,51009,6/25/2020
3005,51011,4/26/2020
3006,51013,4/7/2020
3007,51015,5/16/2020
3008,51017,9/17/2020
3009,51019,6/7/2020
3010,51021,7/21/2020
3011,51023,6/2/2020
3012,51520,7/18/2020
3013,51025,5/8/2020
3014,51027,6/27/2020
3015,51029,4/14/2020
3016,51530,5/6/2020
3017,51031,7/10/2020
3018,51033,5/1/2020
3019,51035,5/10/2020
3020,51036,4/10/2020
3021,51037,5/9/2020
3022,51540,4/25/2020
3023,51550,5/1/2020
3024,51041,4/22/2020
3025,51043,5/6/2020
3026,51570,4/16/2020
3027,51580,7/17/2020
3028,51045,6/6/2020
3029,51047,4/21/2020
3030,51049,4/18/2020
3031,51590,5/12/2020
3032,51051,7/27/2020
3033,51053,5/12/2020
3034,51595,4/11/2020
3035,51057,5/3/2020
3036,51059,4/13/2020
3037,51600,4/22/2020
3038,51610,4/20/2020
3039,51061,4/24/2020
3040,51063,6/28/2020
3041,51065,4/14/2020
3042,51067,6/27/2020
3043,51620,4/16/2020
3044,51069,4/25/2020
3045,51630,4/30/2020
3046,51640,5/1/2020
3047,51071,7/2/2020
3048,51073,6/15/2020
3049,51075,4/8/2020
3050,51077,5/12/2020
3051,51079,5/20/2020
3052,51081,4/14/2020
3053,51083,6/13/2020
3054,51650,5/8/2020
3055,51085,4/27/2020
3056,51660,4/10/2020
3057,51087,4/10/2020
3058,51089,5/21/2020
3059,51091,5/21/2020
3060,51670,4/27/2020
3061,51093,4/14/2020
3062,51095,3/31/2020
3063,51099,4/26/2020
3064,51101,5/22/2020
3065,51097,5/27/2020
3066,51103,6/11/2020
3067,51105,7/15/2020
3068,51678,6/7/2020
3069,51107,4/19/2020
3070,51109,4/23/2020
3071,51111,5/30/2020
3072,51680,6/5/2020
3073,51113,4/23/2020
3074,51683,4/14/2020
3075,51685,4/17/2020
3076,51690,5/19/2020
3077,51115,7/20/2020
3078,51117,4/10/2020
3079,51119,5/14/2020
3080,51121,6/20/2020
3081,51125,5/26/2020
3082,51127,5/3/2020
3083,51700,5/15/2020
3084,51710,5/5/2020
3085,51131,4/23/2020
3086,51133,5/14/2020
3087,51720,6/22/2020
3088,51135,5/15/2020
3089,51137,5/4/2020
3090,80051,NA
3091,51139,4/24/2020
3092,51141,5/28/2020
3093,51730,5/1/2020
3094,51143,6/14/2020
3095,51735,6/20/2020
3096,51740,4/23/2020
3097,51145,5/28/2020
3098,51147,4/23/2020
3099,51149,5/4/2020
3100,51153,4/14/2020
3101,51155,6/20/2020
3102,51750,7/16/2020
3103,51157,5/10/2020
3104,51159,4/21/2020
3105,51760,4/19/2020
3106,51161,5/26/2020
3107,51770,5/11/2020
3108,51163,6/23/2020
3109,51165,4/17/2020
3110,51167,7/16/2020
3111,51775,4/30/2020
3112,51169,7/18/2020
3113,51171,4/21/2020
3114,51173,6/20/2020
3115,51175,4/21/2020
3116,51177,4/30/2020
3117,51179,4/20/2020
3118,51790,5/15/2020
3119,51800,4/21/2020
3120,51181,5/26/2020
3121,51183,4/20/2020
3122,51185,7/19/2020
3123,90051,NA
3124,51810,5/7/2020
3125,51187,4/25/2020
3126,51191,6/7/2020
3127,51820,5/18/2020
3128,51193,4/26/2020
3129,51830,4/8/2020
3130,51840,4/22/2020
3131,51195,7/11/2020
3132,51197,6/3/2020
3133,51199,5/25/2020
3134,53001,4/2/2020
3135,53003,7/29/2020
3136,53005,4/9/2020
3137,53007,4/21/2020
3138,53009,7/27/2020
3139,53011,5/30/2020
3140,53013,6/22/2020
3141,53015,6/15/2020
3142,53017,4/21/2020
3143,53019,7/22/2020
3144,53021,4/10/2020
3145,53023,8/7/2020
3146,53025,4/10/2020
3147,53027,7/24/2020
3148,53029,3/29/2020
3149,53031,6/18/2020
3150,53033,3/31/2020
3151,53035,7/8/2020
3152,53037,5/16/2020
3153,53039,5/17/2020
3154,53041,7/7/2020
3155,53043,7/30/2020
3156,53045,7/15/2020
3157,53047,5/24/2020
3158,80053,NA
3159,53049,7/20/2020
3160,53051,7/14/2020
3161,53053,4/11/2020
3162,53055,6/20/2020
3163,53057,4/2/2020
3164,53059,7/5/2020
3165,53061,3/27/2020
3166,53063,5/28/2020
3167,53065,7/17/2020
3168,53067,7/6/2020
3169,90053,NA
3170,53069,6/24/2020
3171,53071,4/29/2020
3172,53073,4/7/2020
3173,53075,7/13/2020
3174,53077,4/4/2020
3175,54001,7/6/2020
3176,54003,4/22/2020
3177,54005,7/3/2020
3178,54007,10/7/2020
3179,54009,7/10/2020
3180,54011,6/24/2020
3181,54013,8/21/2020
3182,54015,6/13/2020
3183,54017,9/4/2020
3184,54019,5/24/2020
3185,54021,5/10/2020
3186,54023,5/30/2020
3187,54025,6/16/2020
3188,54027,5/28/2020
3189,54029,7/6/2020
3190,54031,5/8/2020
3191,54033,7/3/2020
3192,54035,4/14/2020
3193,54037,4/17/2020
3194,54039,5/8/2020
3195,54041,6/27/2020
3196,54043,7/20/2020
3197,54045,7/10/2020
3198,54049,6/30/2020
3199,54051,6/6/2020
3200,54053,7/18/2020
3201,54047,7/29/2020
3202,54055,7/8/2020
3203,54057,5/16/2020
3204,54059,7/8/2020
3205,54061,5/4/2020
3206,54063,7/2/2020
3207,54065,5/25/2020
3208,54067,7/28/2020
3209,54069,5/31/2020
3210,80054,NA
3211,54071,5/24/2020
3212,54073,8/1/2020
3213,54075,5/20/2020
3214,54077,6/18/2020
3215,54079,7/1/2020
3216,54081,7/11/2020
3217,54083,5/24/2020
3218,54085,9/14/2020
3219,54087,7/25/2020
3220,54089,8/11/2020
3221,54091,7/3/2020
3222,54093,7/14/2020
3223,54095,7/10/2020
3224,90054,NA
3225,54097,7/11/2020
3226,54099,4/15/2020
3227,54101,10/6/2020
3228,54103,7/6/2020
3229,54105,7/10/2020
3230,54107,6/29/2020
3231,54109,7/31/2020
3232,55001,7/3/2020
3233,55003,8/1/2020
3234,55005,7/12/2020
3235,55007,7/24/2020
3236,55009,4/20/2020
3237,55011,7/12/2020
3238,55013,8/3/2020
3239,55015,5/15/2020
3240,55017,6/18/2020
3241,55019,6/3/2020
3242,55021,6/16/2020
3243,55023,5/9/2020
3244,55025,5/20/2020
3245,55027,5/16/2020
3246,55029,5/15/2020
3247,55031,7/7/2020
3248,55033,7/6/2020
3249,55035,5/29/2020
3250,55037,7/14/2020
3251,55039,5/12/2020
3252,55041,5/20/2020
3253,55043,5/5/2020
3254,55045,5/14/2020
3255,55047,5/30/2020
3256,55049,6/25/2020
3257,55051,6/29/2020
3258,55053,6/11/2020
3259,55055,5/26/2020
3260,55057,6/18/2020
3261,55059,4/12/2020
3262,55061,5/4/2020
3263,55063,6/15/2020
3264,55065,5/20/2020
3265,55067,7/24/2020
3266,55069,7/17/2020
3267,55071,6/24/2020
3268,55073,6/25/2020
3269,55075,6/19/2020
3270,55077,7/1/2020
3271,55078,6/26/2020
3272,55079,4/3/2020
3273,55081,6/22/2020
3274,55083,6/2/2020
3275,55085,7/15/2020
3276,80055,NA
3277,55087,5/25/2020
3278,55089,5/3/2020
3279,55091,7/11/2020
3280,55093,5/26/2020
3281,55095,6/28/2020
3282,55097,6/13/2020
3283,55099,7/21/2020
3284,55101,4/22/2020
3285,55103,7/17/2020
3286,55105,4/27/2020
3287,55107,8/1/2020
3288,55111,5/3/2020
3289,55113,7/17/2020
3290,55115,5/27/2020
3291,55117,6/9/2020
3292,55109,6/1/2020
3293,55119,7/13/2020
3294,55121,6/4/2020
3295,90055,NA
3296,55123,6/23/2020
3297,55125,7/28/2020
3298,55127,4/24/2020
3299,55129,7/30/2020
3300,55131,5/16/2020
3301,55133,5/11/2020
3302,55135,6/6/2020
3303,55137,6/30/2020
3304,55139,5/24/2020
3305,55141,7/4/2020
3306,56001,7/7/2020
3307,56003,6/26/2020
3308,56005,6/21/2020
3309,56007,5/19/2020
3310,56009,4/21/2020
3311,56011,7/14/2020
3312,56013,4/12/2020
3313,56015,7/29/2020
3314,56017,5/16/2020
3315,56019,4/10/2020
3316,56021,4/21/2020
3317,56023,6/30/2020
3318,56025,6/5/2020
3319,56027,8/28/2020
3320,80056,NA
3321,56029,6/27/2020
3322,56031,9/11/2020
3323,56033,7/13/2020
3324,56035,7/13/2020
3325,56037,6/17/2020
3326,56039,4/1/2020
3327,56041,6/7/2020
3328,90056,NA
3329,56043,4/21/2020
3330,56045,8/15/2020
